Fixed Reason,Count,Percentage
接口和依赖管理问题,3,42.857142857142854
算法错误,1,14.285714285714285
代码可维护性问题,1,14.285714285714285
语法和语义错误,2,28.57142857142857
安全漏洞,1,14.285714285714285
