code_func_type,count,percentage
数据处理和转换代码,8,38.095238095238095
框架和库代码,8,38.095238095238095
游戏开发代码,1,4.761904761904762
用户界面代码,2,9.523809523809524
科学计算和数值分析代码,1,4.761904761904762
算法和数据结构实现代码,1,4.761904761904762
