final_change_type,count,percentage
优化,4,11.76470588235294
其他,1,2.941176470588235
功能添加,17,50.0
样式调整,1,2.941176470588235
重构,11,32.35294117647059
