code_func_type,count,percentage
数据处理和转换代码,2,33.33333333333333
框架和库代码,1,16.666666666666664
用户界面代码,1,16.666666666666664
网络请求和API调用代码,2,33.33333333333333
