final_change_type,count,percentage
优化,33,24.81203007518797
删除无用代码,4,3.007518796992481
功能添加,55,41.35338345864661
文档更新,5,3.7593984962406015
样式调整,16,12.030075187969924
重构,20,15.037593984962406
