code_func_type,count,percentage
业务逻辑代码,1,1.639344262295082
数据处理和转换代码,35,57.377049180327866
文件操作和IO操作代码,3,4.918032786885246
机器学习和深度学习模型代码,3,4.918032786885246
测试和调试代码,3,4.918032786885246
用户界面代码,4,6.557377049180328
程序输入代码,5,8.19672131147541
网络请求和API调用代码,4,6.557377049180328
配置和部署代码,3,4.918032786885246
