final_change_type,count,percentage
Documentation update,5,3.7593984962406015
Feature addition,55,41.35338345864661
Optimization,33,24.81203007518797
Others,1,0.7518796992481203
Refactoring,20,15.037593984962406
Removal of unused code,4,3.007518796992481
Style adjustment,15,11.278195488721805
