code_func_type,count,percentage
并发和多线程代码,1,2.857142857142857
数据处理和转换代码,9,25.71428571428571
文件操作和IO操作代码,2,5.714285714285714
机器学习和深度学习模型代码,1,2.857142857142857
框架和库代码,3,8.571428571428571
测试和调试代码,6,17.142857142857142
用户界面代码,3,8.571428571428571
算法和数据结构实现代码,3,8.571428571428571
配置和部署代码,7,20.0
