measure,contributor,star,fork,issues,watch,project_commits,number_of_bug_or_vulnerability_all_commit,first_loc,number_of_commits,project_files,project_lines,project_locs,project_statements,project_functions,project_code_smells,project_complexity_all,project_cognitive_complexity_all,number_of_all_change_commit,real_fixed_commit_number,code_lines,code_locs,code_statements,code_functions,code_code_smells,code_complexity_all,code_cognitive_complexity_all,final_loc_add,final_loc_minus,granularity_file_loc,granularity_file_cc,granularity_file_congc,granularity_class_loc,granularity_class_cc,granularity_class_congc,granularity_method_loc,granularity_method_cc,granularity_method_congc,granularity_statement_loc,granularity_statement_cc,granularity_statement_congc
median,3,0,0,0,1,53,5.5,53.5,3,9.5,962,520,444,33,12,89,93,2,1,54,32,26,2,0,7,5,1,0,50,7,6,15.5,5,1,20,7,7,22,0,0
mean,32.48387097,8.849315068,1.315068493,3.719178082,1.698630137,463.9794521,173.8013699,94.26712329,7.116438356,107.0342466,38150.45205,24511.68493,15162.04795,1709.315068,440.6506849,3806,3700.5,2.979452055,1.371428571,94.73972603,60.62328767,44.5,3.452054795,1.993150685,9.04109589,10.6369863,20.55479452,3.47260274,73.82474227,11.07216495,11.97938144,23.5,5.666666667,2.833333333,25.79310345,6.344827586,9.724137931,57.21428571,2,6.571428571
max,462,389,56,199,18,13220,5888,739,173,8115,3261247,2074828,1269281,134752,36808,308667,310759,25,3,739,354,330,36,62,71,106,738,77,354,71,106,63,11,11,105,18,45,344,10,39
min,2,0,0,0,0,1,0,1,1,1,14,10,10,0,0,1,1,1,1,2,1,1,0,0,0,0,0,0,1,0,0,7,2,0,5,1,0,1,0,0
std,110.2454403,38.2846584,5.563121704,17.81039725,1.966512274,2111.628123,943.248054,111.8368449,15.67405512,733.90151,297947.4377,190068.0143,116830.5379,12571.69424,3382.559342,28574.83933,28580.506,3.729600474,0.645605702,111.7148497,70.59609644,53.44249246,4.955084037,7.495742769,10.86206732,17.06736355,73.86623799,11.42845523,74.15369882,12.47017059,19.39124554,20.91650066,3.076794869,4.119061382,23.46787974,4.615779319,10.94106469,94.72403527,3.530090432,12.11302088
