final_change_type,count,percentage
优化,7,20.0
删除无用代码,1,2.857142857142857
功能添加,16,45.714285714285715
样式调整,1,2.857142857142857
重构,10,28.57142857142857
