Fixed Reason,Count,Percentage
代码可维护性问题,16,33.33333333333333
接口和依赖管理问题,25,52.083333333333336
算法错误,12,25.0
语法和语义错误,14,29.166666666666668
性能问题,2,4.166666666666666
