final_change_type,count,percentage
优化,8,42.10526315789473
功能添加,7,36.84210526315789
文档更新,1,5.263157894736842
样式调整,1,5.263157894736842
重构,2,10.526315789473683
