Fixed Reason,Count,Percentage
算法错误,5,35.714285714285715
性能问题,2,14.285714285714285
安全漏洞,3,21.428571428571427
接口和依赖管理问题,4,28.57142857142857
代码可维护性问题,6,42.857142857142854
算法问题,1,7.142857142857142
