final_change_type,count,percentage
优化,3,33.33333333333333
功能添加,5,55.55555555555556
重构,1,11.11111111111111
