code_func_type,count,percentage
业务逻辑代码,5,3.597122302158273
安全类型的代码,14,10.071942446043165
并发和多线程代码,11,7.913669064748201
数据处理和转换代码,23,16.546762589928058
文件操作和IO操作代码,2,1.4388489208633095
框架和库代码,6,4.316546762589928
测试和调试代码,15,10.79136690647482
用户界面代码,12,8.633093525179856
程序输入代码,1,0.7194244604316548
算法和数据结构实现代码,7,5.0359712230215825
网络请求和API调用代码,14,10.071942446043165
配置和部署代码,29,20.863309352517987
