final_change_type,count,percentage
优化,2,11.11111111111111
功能添加,7,38.88888888888889
样式调整,6,33.33333333333333
重构,3,16.666666666666664
