final_change_type,count,percentage
Feature addition,7,38.88888888888889
Optimization,2,11.11111111111111
Refactoring,3,16.666666666666664
Style adjustment,6,33.33333333333333
