measure,contributor,star,fork,issues,watch,project_commits,number_of_bug_or_vulnerability_all_commit,first_loc,number_of_commits,project_files,project_lines,project_locs,project_statements,project_functions,project_code_smells,project_complexity_all,project_cognitive_complexity_all,number_of_all_change_commit,real_fixed_commit_number,code_lines,code_locs,code_statements,code_functions,code_code_smells,code_complexity_all,code_cognitive_complexity_all,final_loc_add,final_loc_minus,granularity_file_loc,granularity_file_cc,granularity_file_congc,granularity_class_loc,granularity_class_cc,granularity_class_congc,granularity_method_loc,granularity_method_cc,granularity_method_congc,granularity_statement_loc,granularity_statement_cc,granularity_statement_congc
median,2,0,0,0,1,54,10,44,2,25,1155,226,194.5,42,4,43,44.5,1,1,45,43,10,2,0,6,2,1,0,49,7,1,,,,17,4,4,61,0,0
mean,4.5,224.6521739,32.69565217,4.434782609,3.043478261,124.1304348,29.60869565,88.52173913,4.347826087,34.95652174,2255.347826,1111.478261,407.25,99.5625,24.56521739,155.6666667,160.375,2.869565217,3.6,89.39130435,66.34782609,23.52173913,4.52173913,2.086956522,9.565217391,7.304347826,54.7826087,3.304347826,83.72727273,15.09090909,11.81818182,,,,20.71428571,5.285714286,3.714285714,92,3.4,2.4
max,13,5006,678,42,32,751,199,645,39,132,10557,9973,2161,704,210,1300,903,39,14,646,480,227,38,15,88,93,1197,24,480,88,93,,,,53,15,9,196,9,7
min,2,0,0,0,1,8,0,6,1,2,79,12,5,1,0,1,0,1,1,6,4,0,0,0,0,0,0,0,4,0,0,,,,6,1,0,16,0,0
std,3.719318934,1042.522579,141.3780987,10.60799907,6.413609542,183.9795701,50.20027085,132.4935228,7.649175212,35.96523354,2816.784556,2283.718198,565.9009925,169.335552,49.38791358,290.1420916,245.8299887,7.893059943,5.813776741,132.5291526,101.2308831,47.15339529,7.867479469,4.326588447,18.1554552,19.51091718,249.0381418,7.492024745,134.2028993,25.25254263,27.97433889,,,,15.79782987,4.715728495,3.401680257,75.26287265,4.669047012,3.361547263
