Fixed Reason,Count,Percentage
接口和依赖管理问题,6,33.33333333333333
代码可维护性问题,8,44.44444444444444
性能问题,4,22.22222222222222
语法和语义错误,7,38.88888888888889
算法错误,9,50.0
