code_func_type,count,percentage
业务逻辑代码,1,7.6923076923076925
数据处理和转换代码,3,23.076923076923077
文件操作和IO操作代码,1,7.6923076923076925
机器学习和深度学习模型代码,1,7.6923076923076925
框架和库代码,1,7.6923076923076925
游戏开发代码,2,15.384615384615385
用户界面代码,2,15.384615384615385
网络请求和API调用代码,1,7.6923076923076925
配置和部署代码,1,7.6923076923076925
