Fixed Reason,Count,Percentage
语法和语义错误,4,26.666666666666668
算法错误,6,40.0
代码可维护性问题,5,33.33333333333333
内存管理问题,2,13.333333333333334
接口和依赖管理问题,1,6.666666666666667
