final_change_type,count,percentage
优化,9,23.684210526315788
其他,1,2.631578947368421
删除无用代码,2,5.263157894736842
功能添加,13,34.21052631578947
样式调整,2,5.263157894736842
重构,11,28.947368421052634
