code_func_type,count,percentage
业务逻辑代码,2,16.666666666666664
数据处理和转换代码,1,8.333333333333332
文件操作和IO操作代码,1,8.333333333333332
测试和调试代码,1,8.333333333333332
用户界面代码,1,8.333333333333332
算法和数据结构实现代码,4,33.33333333333333
网络请求和API调用代码,1,8.333333333333332
配置和部署代码,1,8.333333333333332
