final_change_type,count,percentage
优化,2,22.22222222222222
其他,1,11.11111111111111
功能添加,2,22.22222222222222
样式调整,1,11.11111111111111
重构,3,33.33333333333333
