final_change_type,count,percentage
Feature addition,14,36.84210526315789
Optimization,9,23.684210526315788
Refactoring,11,28.947368421052634
Removal of unused code,2,5.263157894736842
Style adjustment,2,5.263157894736842
